Element Count,Downforce,Front Axle Moment,Rear Axle Downforce,Rear Axle Moment,Front Axle Downforce,Frontal Area,Cl,ClA,Drag,Cd,CdA,Center of Pressure,Sidepod DF,Rear Wing DF,Front Wing DF,Aero Efficiency,FA-RA Difference,Chassis Angle,Chassis Heave,
2.6786255E7,101.9948847726109,-3179.629905084097,51.704609213649995,3092.653953550177,50.29027555869975,0.5584732027905382,4.457536870099915,2.489414892401611,58.84838857659561,2.5718825253929123,1.4363274711571976,-6.026704328036854,-13.80928733453059,65.96259078682856,52.28842351461288,1.7331805889613587,-1.4143336549502503,-0.91,0.5,