Element Count,Downforce,Front Axle Moment,Rear Axle Downforce,Rear Axle Moment,Front Axle Downforce,Frontal Area,Cl,ClA,Drag,Cd,CdA,Center of Pressure,Sidepod DF,Rear Wing DF,Front Wing DF,Aero Efficiency,FA-RA Difference,Chassis Angle,Chassis Heave,
2.5718509E7,143.99381061677073,-4431.7304551398665,72.06527116783346,4423.32199271919,71.92853944856842,0.556161681870502,6.319193331526787,3.5144931913267983,62.51388057880015,2.7434324821973037,1.5257920233970184,-6.450835823193995,19.594036953951502,70.19401868223859,56.01331421234546,2.3033894118165215,-0.13673171926504732,0.0,1.1,