Element Count,Downforce,Front Axle Moment,Rear Axle Downforce,Rear Axle Moment,Front Axle Downforce,Frontal Area,Cl,ClA,Drag,Cd,CdA,Center of Pressure,Sidepod DF,Rear Wing DF,Front Wing DF,Aero Efficiency,FA-RA Difference,Chassis Angle,Chassis Heave,
2.5323632E7,73.8008702501914,-2120.4248602525854,34.480660340678426,2418.0381053700016,39.32020990932398,0.5642386182338963,3.192401831567947,1.8012763982912583,31.75906581227561,1.373800871511169,0.7751515054699845,-7.845964794275883,8.564803251541424,36.902853002676956,29.072147072050434,2.3237733340905025,4.839549568645548,0.91,0.6,