Front Rideheight,Rear Rideheight,Raw Downforce Mean,Raw Drag Mean
4.88,5.55,94.72931698765323,46.81476450150127
4.88,5.55,92.588581743714,45.80319852228702
4.88,5.55,87.1893562748812,44.40400894866227
4.88,5.55,82.70986295171699,42.44682537237903
4.88,5.55,73.5730907551146,39.487539713101135
4.88,5.55,70.77499465224938,37.06575550082997
