Front Rideheight,Rear Rideheight,Raw Downforce Mean,Raw Drag Mean
4.88,5.55,1.0,0.9999999999999996
4.88,5.55,0.9106326109348841,0.8962390968000338
4.88,5.55,0.6852358999265795,0.7527178862310007
4.88,5.55,0.49823443687355695,0.5519607040242271
4.88,5.55,0.11680965396085163,0.24841337330844615
4.88,5.55,0.0,0.0
