Element Count,Downforce,Front Axle Moment,Rear Axle Downforce,Rear Axle Moment,Front Axle Downforce,Frontal Area,Cl,ClA,Drag,Cd,CdA,Center of Pressure,Sidepod DF,Rear Wing DF,Front Wing DF,Aero Efficiency,FA-RA Difference,Chassis Angle,Chassis Heave,
2.4710251E7,138.32191568103778,-4271.035718544375,69.45218134090892,4235.217521074193,68.86973433977467,0.5562803928577968,6.068985720301197,3.376057760737509,61.79011919174318,2.711091363823604,1.5081269689411745,-6.466459107391098,14.905744703587578,69.9987916998715,55.20499892422939,2.2385766120923964,-0.5824470011342628,0.0,0.9,