Element Count,Downforce,Front Axle Moment,Rear Axle Downforce,Rear Axle Moment,Front Axle Downforce,Frontal Area,Cl,ClA,Drag,Cd,CdA,Center of Pressure,Sidepod DF,Rear Wing DF,Front Wing DF,Aero Efficiency,FA-RA Difference,Chassis Angle,Chassis Heave,
2.3948787E7,135.76116435801723,-4183.510555757858,68.02891684996865,4165.266559198515,67.73224750770095,0.5561112552981784,5.958442656116313,3.3135570251150552,61.46482465864175,2.6976391579182364,1.5001874984514314,-6.408799927931527,12.99889459932465,70.06182058270805,54.65420752968456,2.208761923783177,-0.2966693422677073,0.0,0.8,