Element Count,Downforce,Front Axle Moment,Rear Axle Downforce,Rear Axle Moment,Front Axle Downforce,Frontal Area,Cl,ClA,Drag,Cd,CdA,Center of Pressure,Sidepod DF,Rear Wing DF,Front Wing DF,Aero Efficiency,FA-RA Difference,Chassis Angle,Chassis Heave,
2.6474942E7,143.45194793877178,-4244.03126345909,69.01305639904707,4577.698763021829,74.43889153935748,0.5594933169597496,6.25792591348849,3.5012677266260464,62.256169459994176,2.7158536481115974,1.5195019659591942,-5.820408973978986,16.594017673782094,72.35761422782393,55.541053883832106,2.3042205966583604,5.425835140310412,0.455,0.3,