Element Count,Downforce,Front Axle Moment,Rear Axle Downforce,Rear Axle Moment,Front Axle Downforce,Frontal Area,Cl,ClA,Drag,Cd,CdA,Center of Pressure,Sidepod DF,Rear Wing DF,Front Wing DF,Aero Efficiency,FA-RA Difference,Chassis Angle,Chassis Heave,
2.6115868E7,143.59654258356076,-4331.912677273865,70.44211396048544,4498.7093505910225,73.15442862270787,0.5642277154751578,6.211671232024465,3.5047970685279233,62.655906417691746,2.710356979414831,1.5292585266173795,-6.074898529536848,18.964251311130194,72.49518431508164,53.31411184505745,2.291827710962846,2.712314662222423,0.91,0.3,