Element Count,Downforce,Front Axle Moment,Rear Axle Downforce,Rear Axle Moment,Front Axle Downforce,Frontal Area,Cl,ClA,Drag,Cd,CdA,Center of Pressure,Sidepod DF,Rear Wing DF,Front Wing DF,Aero Efficiency,FA-RA Difference,Chassis Angle,Chassis Heave,
2.5004853E7,132.52611687780964,-3994.053043837298,64.94810967779435,4155.781387500601,67.57800719967616,0.556310397939015,5.8143766423350804,3.2345981836647426,60.463582285147375,2.6527453518826474,1.475749822336708,-6.064192819757274,9.470308559271986,69.18968653962214,54.399869061311534,2.191833693425805,2.629897521881814,0.0,0.4,