Front Rideheight,Rear Rideheight,Raw Downforce Mean,Raw Drag Mean
6.442514877,4.089697725,0.0,0.0
4.87637034,5.54637034,1.0,0.9999999999999964
4.372703189,6.014831666,0.8771613015110162,0.9557137378262688
