Front Rideheight,Rear Rideheight,Raw Downforce Mean,Raw Drag Mean
6.442514877,4.089697725,116.5411143,58.56756213
4.87637034,5.54637034,138.1648268,60.92263151
4.372703189,6.014831666,135.5085981,60.81833429
