Front Rideheight,Rear Rideheight,Raw Downforce Mean,Raw Drag Mean
6.442514877,4.089697725,0.0,0.0
5.66649446,4.811475098,0.5576358929774559,0.7544098243520878
5.278356263,5.172482827,0.7893030462309172,0.85539698728509
4.825570796,5.593619047,1.0,1.0
4.372703189,6.014831666,0.9389209556464193,0.8454225781327551
