Front Rideheight,Rear Rideheight,Raw Downforce Mean,Raw Drag Mean
6.442514877,4.089697725,101.3770801,49.75775049
5.66649446,4.811475098,114.7736165,51.80269056
5.278356263,5.172482827,120.3391432,52.07643129
4.825570796,5.593619047,125.4008859,52.46839927
4.372703189,6.014831666,123.9335348,52.04939417
