Front Rideheight,Rear Rideheight,Raw Downforce Mean,Raw Drag Mean
4.88,5.55,1.0,1.0
4.88,5.55,0.6106141241001817,0.5832527943573327
4.88,5.55,0.2913733740672457,0.3201627556041595
4.88,5.55,0.0,0.0
