Front Rideheight,Rear Rideheight,Raw Downforce Mean,Raw Drag Mean
4.88,5.55,105.76402419171592,47.95130840777095
4.88,5.55,100.01979266192632,45.2339635584175
4.88,5.55,95.310344026443,43.51851987447083
4.88,5.55,91.01199571478296,41.43094111421459
