Mass Flow of Radiator,Frontal Area,Radiator dP,Cl,Cd,Raw Drag,Raw Downforce,Sidepod Downforce,Rear Wing Downforce,Front Wing Downforce,Cp,Front Wheel Axle Moment,Rear Wheel Axle Moment,Rear Axle Downforce,Front Axle Downforce,ClA,CdA,DifferentialPressure,signedDistance,Front Rideheight,Rear Rideheight,CdA Mean,Front Axle Downforce Mean,ClA Mean,Raw Drag Mean,Raw Downforce Mean,Rear Axle Downforce Mean,Aero Efficiency,Maximum Memory Report,Physics Continuum Iteration,Solver Iteration Elapsed Time,Total Solver Elapsed Time,ChassisAngle,ChassisHeave
0.0,0.0832817690287629,0.0,4.901907664375608E-8,5.563197279224422E-8,1.8982592549965355E-7,1.672615786211467E-7,-3.929608075770511E-18,0.0,0.0,23.045883809236027,-5.868756307483855E-6,5.065358906426979E-6,9.028855857667469E-8,7.792859856041508E-8,4.0823954190485195E-9,4.633129108698105E-9,-1.7976931348623157E308,1.7976931348623157E308,5.178303667629825,5.257349842067128,4.6331291086698486E-9,7.792859855913949E-8,4.082395418989136E-9,1.8982592549849555E-7,1.6726157861871345E-7,9.028855857550433E-8,0.8811313743414458,46.25082015991211,1000.0,0.07393076800000001,77.56003990199993,-0.3544,-0.31