Mass Flow of Radiator,Frontal Area,Radiator dP,Cl,Cd,Raw Drag,Raw Downforce,Sidepod Downforce,Rear Wing Downforce,Front Wing Downforce,Cp,Front Wheel Axle Moment,Rear Wheel Axle Moment,Rear Axle Downforce,Front Axle Downforce,ClA,CdA,DifferentialPressure,signedDistance,Front Rideheight,Rear Rideheight,CdA Mean,Front Axle Downforce Mean,ClA Mean,Raw Drag Mean,Raw Downforce Mean,Rear Axle Downforce Mean,Aero Efficiency,Maximum Memory Report,Physics Continuum Iteration,Solver Iteration Elapsed Time,Total Solver Elapsed Time,ChassisAngle,ChassisHeave
0.0,0.08319559027446093,0.0,8.569959970543051E-38,-5.369302812948704E-38,-1.8302032778346375E-37,2.921192820634714E-37,1.9334162671730472E-7,0.0,0.0,29.892007343564938,2.6850565196213403E-36,2.1629018912602095E-35,4.1308561840328316E-38,3.327541371169554E-37,7.129828783778309E-39,-4.467023168855909E-39,-1.7976931348623157E308,1.7976931348623157E308,4.83808182151199,5.548435019442181,-6.823433739543727E-39,3.78184910468425E-37,2.950098851975847E-39,-2.7956583890740988E-37,1.2086976907722772E-37,2.589597167921604E-37,-1.5961029334899097,57.42451477050781,1000.0,0.10081061899999999,79.76272794700007,0.0242,-0.8272