Mass Flow of Radiator,Frontal Area,Radiator dP,Cl,Cd,Raw Drag,Raw Downforce,Sidepod Downforce,Rear Wing Downforce,Front Wing Downforce,Cp,Front Wheel Axle Moment,Rear Wheel Axle Moment,Rear Axle Downforce,Front Axle Downforce,ClA,CdA,DifferentialPressure,signedDistance,Front Rideheight,Rear Rideheight,CdA Mean,Front Axle Downforce Mean,ClA Mean,Raw Drag Mean,Raw Downforce Mean,Rear Axle Downforce Mean,Aero Efficiency,Maximum Memory Report,Physics Continuum Iteration,Solver Iteration Elapsed Time,Total Solver Elapsed Time,ChassisAngle,ChassisHeave
0.0,0.08327207955375443,0.0,-7.175093653180812E-37,-2.8701913443264787E-37,-9.792450291654874E-37,-2.4479813192813162E-36,-1.823917330189273E-6,0.0,0.0,23.753426744349646,6.139990629543349E-35,-9.838168263703095E-35,9.446139430066693E-37,1.513564348262015E-36,-5.974849694933111E-38,-2.390068019592519E-38,-1.7976931348623157E308,1.7976931348623157E308,4.58525148549909,5.772003363030744,-2.0126372394636932E-38,1.1439421868973265E-36,-4.085033618754379E-38,-8.246062438817875E-37,-1.6736966614954895E-36,6.143852619686452E-37,2.499865964463956,57.37873840332031,1000.0,5.8247731819999995,6147.24411171201,0.3099,-1.0636