Element Count,Downforce,Front Axle Moment,Rear Axle Downforce,Rear Axle Moment,Front Axle Downforce,Frontal Area,Cl,ClA,Drag,Cd,CdA,Center of Pressure,Sidepod DF,Rear Wing DF,Front Wing DF,Aero Efficiency,FA-RA Difference,Chassis Angle,Chassis Heave,
2.4933956E7,72.9808074426976,-2106.400644147198,34.25260970745932,2381.631687409997,38.72819773505144,0.5642100439031896,3.1570883820594475,1.7812609746480108,31.446850243341053,1.3603643071990879,0.7675312054891295,-6.456978039524639,9.01925023719337,35.840090359479376,28.653450072219506,2.320766845581028,4.475588027592117,0.91,0.9,