Element Count,Downforce,Front Axle Moment,Rear Axle Downforce,Rear Axle Moment,Front Axle Downforce,Frontal Area,Cl,ClA,Drag,Cd,CdA,Center of Pressure,Sidepod DF,Rear Wing DF,Front Wing DF,Aero Efficiency,FA-RA Difference,Chassis Angle,Chassis Heave,
2.4316587E7,108.97727740019057,-3380.0935120587433,54.964388738182016,3321.5800034220747,54.01288866172942,0.5583881217624368,4.763417642689918,2.6598358306716774,59.96447102563362,2.621058499829728,1.463567932749392,-6.075374038049471,-8.867951630710014,66.8471796695324,53.813168959571215,1.8173641080499974,-0.9515000764525985,-0.91,0.6,