Element Count,Downforce,Front Axle Moment,Rear Axle Downforce,Rear Axle Moment,Front Axle Downforce,Frontal Area,Cl,ClA,Drag,Cd,CdA,Center of Pressure,Sidepod DF,Rear Wing DF,Front Wing DF,Aero Efficiency,FA-RA Difference,Chassis Angle,Chassis Heave,
2.4733029E7,111.16879589287967,-3524.236981394444,57.308335038594294,3312.2062933565553,53.86046085400098,0.5586059093312253,4.857315016824001,2.713324871881187,59.70536624048906,2.608715599513651,1.4572439496528755,-6.535678393185557,-6.005113174321568,66.84477509714968,52.67408441445756,1.861956519035483,-3.447874184593313,-0.91,0.7,