Element Count,Downforce,Front Axle Moment,Rear Axle Downforce,Rear Axle Moment,Front Axle Downforce,Frontal Area,Cl,ClA,Drag,Cd,CdA,Center of Pressure,Sidepod DF,Rear Wing DF,Front Wing DF,Aero Efficiency,FA-RA Difference,Chassis Angle,Chassis Heave,
2.7038291E7,144.58531725484966,-4291.830114414889,69.79032324560032,4599.597662918476,74.79499400887903,0.559381937246247,6.308623894399339,3.528930255407065,61.69551665311728,2.691931780660205,1.5058180144004447,-5.836808639348111,19.22446405089834,70.87264685879654,56.04655542162948,2.3435303746264062,5.004670763278701,0.455,0.7,