Element Count,Downforce,Front Axle Moment,Rear Axle Downforce,Rear Axle Moment,Front Axle Downforce,Frontal Area,Cl,ClA,Drag,Cd,CdA,Center of Pressure,Sidepod DF,Rear Wing DF,Front Wing DF,Aero Efficiency,FA-RA Difference,Chassis Angle,Chassis Heave,
2.5206114E7,149.23415032407829,-4232.154286516402,68.81992245899974,4945.1584220722525,80.41422786469649,0.5643262878048658,6.454414010235443,3.6423954983518847,63.16713553555824,2.73199427679099,1.5417361885255985,-4.944880402667985,18.332410372860682,73.20851435279377,58.59859285703864,2.362528379018722,11.594305405696746,0.91,0.7,