Element Count,Downforce,Front Axle Moment,Rear Axle Downforce,Rear Axle Moment,Front Axle Downforce,Frontal Area,Cl,ClA,Drag,Cd,CdA,Center of Pressure,Sidepod DF,Rear Wing DF,Front Wing DF,Aero Efficiency,FA-RA Difference,Chassis Angle,Chassis Heave,
2.4948516E7,68.60609828962988,-2071.326121516565,33.682255754292484,2147.6788204006457,34.92384253516171,0.5560198138473172,3.0115587299811253,1.6744863244343684,30.730414515943544,1.348953670572129,0.7500449688001705,-8.080463279442696,6.460548191146003,35.04415258215391,27.921808593075312,2.2325145745767823,1.2415867808692291,0.0,0.7,