Element Count,Downforce,Front Axle Moment,Rear Axle Downforce,Rear Axle Moment,Front Axle Downforce,Frontal Area,Cl,ClA,Drag,Cd,CdA,Center of Pressure,Sidepod DF,Rear Wing DF,Front Wing DF,Aero Efficiency,FA-RA Difference,Chassis Angle,Chassis Heave,
2.4775814E7,149.15650967368197,-4322.149242712352,70.28334876338535,4850.388871548958,78.87316090991499,0.564120049392455,6.453414208813279,3.640500342225718,63.95001474704625,2.7668650515172617,1.560844049524175,-5.21890556307197,18.776328502083302,73.36580519457208,58.18905822395406,2.3323921075494556,8.589812146529644,0.91,1.0,