Element Count,Downforce,Front Axle Moment,Rear Axle Downforce,Rear Axle Moment,Front Axle Downforce,Frontal Area,Cl,ClA,Drag,Cd,CdA,Center of Pressure,Sidepod DF,Rear Wing DF,Front Wing DF,Aero Efficiency,FA-RA Difference,Chassis Angle,Chassis Heave,
2.6582126E7,102.56894533839878,-3175.421801505377,51.63618038464685,3132.1645218426643,50.93276495348932,0.5584732027905382,4.482625345305067,2.503426133502563,59.692663195281526,2.608780309528579,1.4569338948393173,-5.876664155627129,-14.168388560210678,66.25714935500247,52.97708609671406,1.7182839539735337,-0.7034154311575316,-0.91,0.5,