Element Count,Downforce,Front Axle Moment,Rear Axle Downforce,Rear Axle Moment,Front Axle Downforce,Frontal Area,Cl,ClA,Drag,Cd,CdA,Center of Pressure,Sidepod DF,Rear Wing DF,Front Wing DF,Aero Efficiency,FA-RA Difference,Chassis Angle,Chassis Heave,
2.4251363E7,122.41256208886884,-3705.910996547635,60.262573185226024,3821.9796324367267,62.14998890332929,0.558300320853694,5.351517827705731,2.9877541202623727,60.13271015344877,2.628825546358729,1.4676741460004656,-5.972225555929725,2.4579555918076745,66.96642684163157,54.59037340300213,2.0357067189636417,1.8874157181032651,-0.455,0.5,