Element Count,Downforce,Front Axle Moment,Rear Axle Downforce,Rear Axle Moment,Front Axle Downforce,Frontal Area,Cl,ClA,Drag,Cd,CdA,Center of Pressure,Sidepod DF,Rear Wing DF,Front Wing DF,Aero Efficiency,FA-RA Difference,Chassis Angle,Chassis Heave,
2.4223988E7,134.18725163989617,-4099.271902964914,66.65909496712023,4152.715776337123,67.52815667243236,0.5563208487817796,5.887146030082218,3.2751420763576236,62.01980494012873,2.7209712098402945,1.5137330129691382,-6.300956925779444,10.3042240422075,70.899393587424,52.46017077944146,2.1636193756080795,0.8690617053121307,0.0,0.3,