Element Count,Downforce,Front Axle Moment,Rear Axle Downforce,Rear Axle Moment,Front Axle Downforce,Frontal Area,Cl,ClA,Drag,Cd,CdA,Center of Pressure,Sidepod DF,Rear Wing DF,Front Wing DF,Aero Efficiency,FA-RA Difference,Chassis Angle,Chassis Heave,
2.5886641E7,74.22466564088798,-2188.70048061103,35.590904103264855,2375.8242330526937,38.63376153743285,0.5640969150801769,3.2115404858649224,1.811620080731495,31.708942276588186,1.3719772397212313,0.7739281284869629,-8.628760295311393,10.41002798254985,36.61872587657897,27.764611509826935,2.340811780899126,3.042857434167988,0.91,0.4,