Element Count,Downforce,Front Axle Moment,Rear Axle Downforce,Rear Axle Moment,Front Axle Downforce,Frontal Area,Cl,ClA,Drag,Cd,CdA,Center of Pressure,Sidepod DF,Rear Wing DF,Front Wing DF,Aero Efficiency,FA-RA Difference,Chassis Angle,Chassis Heave,
2.5366124E7,139.89912387485822,-4225.297873207666,68.70842892631892,4377.947460846434,71.19069494818116,0.5593648044778349,6.1043402411207275,3.414553085440675,62.35052334276535,2.720594655307776,1.5218048974296767,-6.091262299247699,15.209293575561256,71.95204343617365,54.688315783664265,2.2437521992522456,2.482266021862242,0.455,0.4,