Element Count,Downforce,Front Axle Moment,Rear Axle Downforce,Rear Axle Moment,Front Axle Downforce,Frontal Area,Cl,ClA,Drag,Cd,CdA,Center of Pressure,Sidepod DF,Rear Wing DF,Front Wing DF,Aero Efficiency,FA-RA Difference,Chassis Angle,Chassis Heave,
2.5549501E7,147.47760011811084,-4368.987817010896,71.0450003557164,4700.3039694664685,76.4325997620166,0.5641760465539812,6.380141397390916,3.5995229500354,63.564679378541456,2.7499202725710044,1.5514391477177558,-5.725656283978036,19.07768579148268,73.50929156904705,55.31944747531879,2.3201186816321333,5.387599406300205,0.91,0.5,