Element Count,Downforce,Front Axle Moment,Rear Axle Downforce,Rear Axle Moment,Front Axle Downforce,Frontal Area,Cl,ClA,Drag,Cd,CdA,Center of Pressure,Sidepod DF,Rear Wing DF,Front Wing DF,Aero Efficiency,FA-RA Difference,Chassis Angle,Chassis Heave,
2.4191096E7,133.28090150534481,-4130.156249243314,67.16131160956353,4066.094465093362,66.11958989544006,0.5562405699895585,5.848225690218519,3.2530203913547284,61.31069584879052,2.690248809081561,1.4964255309772583,-6.53369184935778,10.026093706945753,70.5183513267308,53.85585543833737,2.173860525642265,-1.0417217141234676,0.0,0.5,