Element Count,Downforce,Front Axle Moment,Rear Axle Downforce,Rear Axle Moment,Front Axle Downforce,Frontal Area,Cl,ClA,Drag,Cd,CdA,Center of Pressure,Sidepod DF,Rear Wing DF,Front Wing DF,Aero Efficiency,FA-RA Difference,Chassis Angle,Chassis Heave,
3.1424632E7,45.7978903088476,-1434.7873493785946,23.331369190385963,1381.6025978634104,22.466521118344403,0.5576473615225844,2.0044936891940845,1.1178006169677526,29.6797567959556,1.299031129886237,0.7244012821167617,-10.440342957408212,-12.000443408612703,33.1759335599862,25.56126966692629,1.5430682476174598,-0.8648480720415613,-0.91,0.3,