Element Count,Downforce,Front Axle Moment,Rear Axle Downforce,Rear Axle Moment,Front Axle Downforce,Frontal Area,Cl,ClA,Drag,Cd,CdA,Center of Pressure,Sidepod DF,Rear Wing DF,Front Wing DF,Aero Efficiency,FA-RA Difference,Chassis Angle,Chassis Heave,
3.0652924E7,98.185902681405,-3046.3209412759734,49.53684501337168,2991.725514749712,48.649057667781776,0.5583818415957923,4.291772852328795,2.396448028994179,59.587780168375225,2.604622560603111,1.4543739420515132,-5.7864910641701455,-19.51977024544994,67.01255304741659,52.63426963668316,1.647752314383324,-0.8877873455899058,-0.91,0.4,