Front_Ride_Height,Rear_Ride_Height,Down_Force
3.584241059,6.7551867,95.34761841
4.016105881,6.353508792,105.4730821
4.330892283,6.060725643,104.1613028
4.448036493,5.951769694,103.3437626
4.920259505,5.512554593,99.89533123
5.509621021,4.964388853,96.4483868
5.743894119,4.746491208,94.62014383
