Element Count,Downforce,Front Axle Moment,Rear Axle Downforce,Rear Axle Moment,Front Axle Downforce,Frontal Area,Cl,ClA,Drag,Cd,CdA,Center of Pressure,Sidepod DF,Rear Wing DF,Front Wing DF,Aero Efficiency,FA-RA Difference,Chassis Angle,Chassis Heave,
2.4692265E7,142.3506576693554,-4458.342325355743,72.4980122072092,4295.662685346863,69.85264546178166,0.5563156868175287,6.245353828491549,3.4743883045157586,62.620102501605025,2.747333263519745,1.5283845914116296,-6.771694840120589,19.088614726019948,70.83507290500319,54.69050547319337,2.2732421695685785,-2.6453667454275336,0.0,1.0,