Element Count,Downforce,Front Axle Moment,Rear Axle Downforce,Rear Axle Moment,Front Axle Downforce,Frontal Area,Cl,ClA,Drag,Cd,CdA,Center of Pressure,Sidepod DF,Rear Wing DF,Front Wing DF,Aero Efficiency,FA-RA Difference,Chassis Angle,Chassis Heave,
2.374924E7,61.44640396949602,-2014.5664430134984,32.75927506669707,1764.1454860036122,28.687128902641554,0.5584095548071081,2.6857309817572688,1.4997378418547338,30.780789032535225,1.3453825351383255,0.7512744624918508,-11.22781148517972,2.4553448331381946,33.69237366896613,26.751124364669444,1.9962582474590658,-4.072146164055515,-0.91,1.0,