Front Rideheight,Rear Rideheight,Raw Downforce Mean,Raw Drag Mean
4.88,5.55,78.93545757,42.13239831
4.88,5.55,83.70235771,43.75974047
4.88,5.55,88.30356556,45.72794677
4.88,5.55,92.68834548,47.00667476
4.88,5.55,99.05786631,47.95139139
