Front Rideheight,Rear Rideheight,Raw Downforce Mean,Raw Drag Mean
4.88,5.55,0.0,0.0
4.88,5.55,0.23689510543159775,0.27966043912188265
4.88,5.55,0.4655559933725901,0.617898734466273
4.88,5.55,0.6834613135882459,0.8376494666668348
4.88,5.55,0.9999999999999996,0.9999999999999991
