Element Count,Downforce,Front Axle Moment,Rear Axle Downforce,Rear Axle Moment,Front Axle Downforce,Frontal Area,Cl,ClA,Drag,Cd,CdA,Center of Pressure,Sidepod DF,Rear Wing DF,Front Wing DF,Aero Efficiency,FA-RA Difference,Chassis Angle,Chassis Heave,
2.4228472E7,134.60419959934254,-4091.785610877103,66.53735884737854,4185.842726402599,68.06684075161931,0.5562465908043186,5.906227054672829,3.285318663677993,60.92529300009018,2.6733089673433885,1.4870189992513734,-6.200953829533555,11.165528016820383,69.34928488141352,54.83251049929328,2.209332002706057,1.5294819042407672,0.0,0.6,