Mass Flow of Radiator,Frontal Area,Radiator dP,Cl,Cd,Raw Drag,Raw Downforce,Sidepod Downforce,Rear Wing Downforce,Front Wing Downforce,Cp,Front Wheel Axle Moment,Rear Wheel Axle Moment,Rear Axle Downforce,Front Axle Downforce,ClA,CdA,DifferentialPressure,signedDistance,Front Rideheight,Rear Rideheight,CdA Mean,Front Axle Downforce Mean,ClA Mean,Raw Drag Mean,Raw Downforce Mean,Rear Axle Downforce Mean,Chassis Angle,Chassis Heave,Unnamed: 29
0.1023307144588354,0.5919631201792206,142.80912744747184,2.469557462356798,1.2051540907023162,58.45859067560901,119.79117923048264,-2.1058181351959004,65.49505449028759,52.46931614321068,12.75608782649787,-3832.138782919551,3984.576209200495,58.9559812756854,61.30117244923839,1.4618869408786084,0.7134067758288944,-164.29660333142868,0.0474848337251294,4.854600455708438,5.622648707458254,0.7171362316141624,61.73417819987373,1.4745560103742046,58.764192942730354,120.82931899796594,59.56541460509255,0.0588,1.0,
0.1197979974692557,0.5847084897381046,153.97816784204042,2.2582907729858643,1.2153842158607464,58.23232422427935,108.20076652705504,-4.135318665009758,63.72462179805713,44.91074891053346,12.925288611793576,-3984.847986243865,3075.11519411378,61.30535363452099,47.30946452482738,1.3204417872620615,0.7106454693074676,-174.6671984840143,0.0388030941880376,6.471544536617354,4.118727384528021,0.7147134792890318,47.34804038397421,1.3323864249531538,58.56566860089136,109.17954452168978,62.24955836475145,-1.8131,1.0,
0.1022267720469427,0.5912991159977607,141.87675646948628,2.469848329085253,1.2048218401288586,58.3769217532826,119.67090480769517,-2.075472052419777,65.25847651044064,52.48807003344563,12.651112878085534,-3825.007096042168,3983.861510176196,58.84626301603335,61.29017707963377,1.460419133636657,0.7124100890029895,-164.2903286855245,0.04933276106137,4.9054,5.5754,0.7158427346375431,61.63874554648535,1.470804049714692,58.65820256095429,120.52187460583774,59.35214897983892,0.0,1.0,
0.1165055937625076,0.5867831772418397,155.95234870363493,2.3824067585454527,1.218167526213048,58.57277189081558,114.55251173597593,-3.2729298702512084,63.9451184968546,48.41964145797326,12.795506831630648,-3896.829385275641,3577.828563208017,59.95122131193295,55.04351635704642,1.397956207261733,0.7148002114441244,-169.10206368425236,0.0483063561276277,5.695524119964477,4.840504757915868,0.7198346733390186,55.20967756027586,1.4113211109997807,58.98531007966795,115.64767038035647,60.88464382177192,-0.9146,1.0,
