Front Rideheight,Rear Rideheight,Raw Downforce Mean,Raw Drag Mean
4.88,5.55,112.091395843015,50.8674682395718
4.88,5.55,113.813338100111,50.9119321576343
4.88,5.55,109.34563318364,49.9491654470638
4.88,5.55,100.357056308628,46.6181275785928
4.88,5.55,89.6055541512246,43.4753153295243
4.88,5.55,85.5848434724406,40.8177933079237
