Front Rideheight,Rear Rideheight,Raw Downforce Mean,Raw Drag Mean
4.88,5.55,0.9389998552948655,0.9955950756449354
4.88,5.55,1.0,1.0
4.88,5.55,0.8417306705370105,0.9046212138643108
4.88,5.55,0.5233085586401498,0.5746239829894355
4.88,5.55,0.1424344702690159,0.26327377314378797
4.88,5.55,0.0,0.0
