Element Count,Downforce,Front Axle Moment,Rear Axle Downforce,Rear Axle Moment,Front Axle Downforce,Frontal Area,Cl,ClA,Drag,Cd,CdA,Center of Pressure,Sidepod DF,Rear Wing DF,Front Wing DF,Aero Efficiency,FA-RA Difference,Chassis Angle,Chassis Heave,
2.4617271E7,72.69065481389919,-2193.416803227833,35.66759718551238,2276.7722839920634,37.023057628200746,0.556201522383323,3.189813410677214,1.7741790751374062,31.4624246130432,1.3806350241312773,0.7679113022775523,-8.044754725468103,9.638376958088955,35.11429097540783,28.83075166985489,2.310395835919277,1.3554604426883703,0.0,1.2,